{"variables":[],"info":{"name":"","_postman_id":"98a0a89e-137d-43ab-9fb6-78ef03d95baf","description":"","schema":"https:\/\/schema.getpostman.com\/json\/collection\/v2.0.0\/collection.json"},"item":[{"name":"general","description":"","item":[{"name":"http:\/\/localhost\/api\/v1\/auth","request":{"url":"http:\/\/localhost\/api\/v1\/auth","method":"POST","body":{"mode":"formdata","formdata":[{"key":"email","value":"granville.keebler@example.org","type":"text","enabled":true},{"key":"password","value":"in","type":"text","enabled":true}]},"description":"","response":[]}},{"name":"http:\/\/localhost\/auth","request":{"url":"http:\/\/localhost\/auth","method":"GET","body":{"mode":"formdata","formdata":[]},"description":"","response":[]}},{"name":"http:\/\/localhost\/auth","request":{"url":"http:\/\/localhost\/auth","method":"POST","body":{"mode":"formdata","formdata":[]},"description":"","response":[]}},{"name":"http:\/\/localhost\/control\/dashboard","request":{"url":"http:\/\/localhost\/control\/dashboard","method":"GET","body":{"mode":"formdata","formdata":[]},"description":"","response":[]}},{"name":"http:\/\/localhost\/control\/settings\/role","request":{"url":"http:\/\/localhost\/control\/settings\/role","method":"GET","body":{"mode":"formdata","formdata":[]},"description":"","response":[]}},{"name":"http:\/\/localhost\/control\/settings\/role-form","request":{"url":"http:\/\/localhost\/control\/settings\/role-form","method":"GET","body":{"mode":"formdata","formdata":[]},"description":"","response":[]}}]}]}